Tweet_ID,Created_Date,Text,Likes,Retweets,Elapsed (Hours),Like Score,Retweet Score
1410629274671927298,2021-07-01 16:00:01+05:30,"From offering a range of premium savings &amp; current accounts, specially curated suite of loans, industry-first value-added services, and more, ‘Salute Doctors’ is a one-stop banking solution for doctors and their families. Know more: https://t.co/pHZUMn37Y1 #ICICIBankSaluteDoctors https://t.co/cuOEdZghbZ",12,1,3.086428827777778,3.8879885685360107,0.3239990473780009
1410621720696811522,2021-07-01 15:30:00+05:30,"‘Salute Doctors’ enables medical doctors to invest wealth conveniently &amp; get easy access to business loans, including loan for purchasing medical equipment &amp; construction or expansion of clinic or hospital. Know more: https://t.co/pHZUMnkIPz #ICICIBankSaluteDoctors https://t.co/benARqZeYc",9,0,3.5867066055555554,2.509265738675038,0.0
1410612154642964480,2021-07-01 14:52:00+05:30,"While you save our future, we want to help protect the future of your loved ones with ‘Salute Doctors’ – a comprehensive set of digital solutions designed exclusively for medical doctors and their entire universe. Know more: https://t.co/pHZUMn37Y1 #ICICIBankSaluteDoctors https://t.co/ohLiEIayOh",9,1,4.220039938888889,2.1326812376969224,0.2369645819663247
1410607386692243457,2021-07-01 14:33:03+05:30,The newly launched ‘Salute Doctors’ facility offers time-saving banking solutions that are designed keeping in mind the hectic schedules and specific financial needs of medical doctors. Know more: https://t.co/pHZUMnkIPz #ICICIBankSaluteDoctors https://t.co/0FeqgYop2Q,13,1,4.535873272222222,2.866041271393594,0.2204647131841226
1410562265732947977,2021-07-01 11:33:45+05:30,"Hope got a new meaning, with The Orange Book. Leverage your financial quotient and get your copy now: https://t.co/k0qpwP4DT5 https://t.co/58wQx0vOLC",230,9,7.524206605555555,30.56800697500488,1.196139403369756
1410505390668730371,2021-07-01 07:47:45+05:30,"#ICICIBank introduces ‘Salute Doctors’ – a facility offering an array of customised banking solutions to help medical doctors fulfill their personal and professional banking requirements seamlessly. Read more here. #ICICIBankSaluteDoctors
https://t.co/SZmXEo4Z7s",16,0,11.290873272222221,1.4170737386064867,0.0
1410487232499118080,2021-07-01 06:35:36+05:30,"On #NationalDoctorsDay, ICICI Bank introduces 'Salute Doctors' banking solution for medical doctors. An extension of 'ICICI Stack', it offers loan for medical equipment, among various other loans, banking &amp; value-added services. #ICICIBankSaluteDoctors https://t.co/pHZUMnkIPz https://t.co/4YxcMvhFjV",1722,145,12.493373272222222,137.83307057900018,11.606152865246822
1410483405205106692,2021-07-01 06:20:23+05:30,"We Salute You, Doctors! 

In you, we see a reflection of the divine. You put our well-being above everything else. 

And today on #NationalDoctorsDay, we would like to take a moment to thank you and salute you for your selfless service. #HappyDoctorsDay https://t.co/t8N9XHxG3l",1209,145,12.746984383333333,94.84596227957775,11.375239479353825
1410467012434743299,2021-07-01 05:15:15+05:30,"#JustIn: This #NationalDoctorsDay, ICICI Bank introduces 'Salute Doctors', to express gratitude &amp; salute our lifesavers for their service &amp; sacrifice. The facility provides customised banking as well as value-added services to doctors and their families. #ICICIBankSaluteDoctors https://t.co/uxi7xKwjr8",1492,147,13.832539938888889,107.86160796148377,10.627115529717235
1410274432183111687,2021-06-30 16:30:00+05:30,Always use a 'SECURED' Wi-Fi connection for using digital channels of banking or for making online transactions. Practice #SafeBanking! https://t.co/k2OznQdKS1,17,1,26.586706605555555,0.6394172942220562,0.037612782013062125
1410244232862830600,2021-06-30 14:30:00+05:30,"Empower yourself financially by availing #ICICIBank #MoneyCoach, a personal financial management platform that guides you on your financial health and assists you in achieving your financial goals. Available on iMobile Pay app, know more about it here: https://t.co/ftwx1HQuYS https://t.co/HxcAUYYVnQ",12,0,28.586706605555555,0.41977553292787895,0.0
1410219271091752962,2021-06-30 12:50:49+05:30,"#ICICIStackForCorporates – a comprehensive set of 360-degree digital banking solutions will cater to corporates and their entire ecosystem including channel partners like vendors and dealers. Learn more here.
https://t.co/zoEwo4A3Vl",15,1,30.23976216111111,0.4960356473732547,0.033069043158216974
1410205726736322561,2021-06-30 11:57:00+05:30,"With #ICICIBank’s ‘EMI @ internet banking’ facility, millions of pre-approved customers can conveniently make high-value transactions with increased affordability using the Bank’s internet banking platform. Read more here.
https://t.co/ejfBTNwmTj",9,2,31.136706605555556,0.28904791100784494,0.06423286911285443
1410199704734822400,2021-06-30 11:33:04+05:30,"#ICICIBank #InstaBIZ app allows you to make instant vendor payments without adding a beneficiary or registering a payee. Don’t stress, the #BankComesHome to resolve your vendor payment woes too! Know more: https://t.co/ivrdUQZClw https://t.co/g5CpxC5Wdp",600,27,31.535595494444443,19.026119234238042,0.8561753655407119
1410135599214780416,2021-06-30 07:18:20+05:30,"This #SocialMediaDay, help your friends &amp; family experience hassle-free digital banking. To get started, add these #ICICIBank digital platforms as a friend today:

✅iMobile Pay: https://t.co/8oiFFXOgD6
✅InstaBIZ: https://t.co/5FdB3jfKQM
✅Pockets app: https://t.co/VavFKfvSLU https://t.co/y4T1wWefJU",2703,390,35.78115105,75.54256698513896,10.899593460674877
1409912042459369473,2021-06-29 16:30:00+05:30,"Never install apps from ‘untrusted sources’ on your smartphone, and shut the door on unwanted threats and issues. Stay safe and practice #SafeBanking https://t.co/EN9aGMj91T",49,6,50.58670660555556,0.9686339215966808,0.11860823529755275
1409881843562807296,2021-06-29 14:30:00+05:30,"Meet your short-term financial goals instantly with Overdraft against your fixed deposit on #iMobilePay app. Here’s a step-by-step guide to help you avail overdraft seamlessly. Watch the video to know more!
https://t.co/W2vJPW2e22",13,2,52.58670660555556,0.24721076559349708,0.03803242547592263
1409851646562164736,2021-06-29 12:30:00+05:30,"#ICICIBank’s ‘Video KYC’ facility enables new to Bank customers to complete their KYC process from the comfort of their home, through a quick video interaction with the Bank official. Read more here.
https://t.co/91Kmr6ZwD9",20,6,54.58670660555556,0.3663895707158215,0.10991687121474646
1409836545972920323,2021-06-29 11:30:00+05:30,"#ICICIStackForCorporates is a one-of-a-kind initiative that offers a comprehensive set of 360-degree digital banking solutions for the entire corporate ecosystem, including vendors, dealers, employees and all other stakeholders. Read more.
https://t.co/qpiHjjDyXu",9,2,55.58670660555556,0.16190921444337744,0.03597982543186165
1409804475645059072,2021-06-29 09:22:34+05:30,"With features like ‘Scan to Pay’ and ‘Pay to Contact’, #iMobilePayByICICIBank enables users to transfer funds seamlessly in a jiffy. Download the app now: https://t.co/8oiFFXOgD6 

#BankFromHome #StaySafeBankSafe https://t.co/GstAlFcAPq",1378,100,57.71059549444445,23.877764354946816,1.732784060591206
1409779669084164096,2021-06-29 07:44:00+05:30,"Now, you can access all your #ICICIBank relationships using a single user ID and password. 

Learn more here: https://t.co/bpkyfgQuyK https://t.co/WPUmeX5ODj",29,2,59.35382540166667,0.4885952978388091,0.03369622743715925
1409774744623222798,2021-06-29 07:24:26+05:30,"Kick-start your digital banking journey with #ICICIBankiPlay! Watch multiple demo videos on iPlay and learn how to bank with ease from the safety and comfort of your home, here: https://t.co/OysL1x2WKa 

#StaySafeBankSafe #BankFromHome https://t.co/0Y0NMVq1ym",8,1,59.67993651277778,0.13404839997252946,0.016756049996566182
1409549653490618371,2021-06-28 16:30:00+05:30,"Granting unnecessary app. permissions could prove to be risky and hence, ALWAYS verify app. permissions and grant only those that serve the functionality of the app. #SafeBanking https://t.co/DCJhxrzlxx",38,3,74.587158735,0.5094710757787387,0.040221400719374106
1409502341850533908,2021-06-28 13:22:00+05:30,"#ICICIBank #iMobilePay simplifies making payments with its ‘Pay to Contact’ feature. All you need to do is enter the beneficiary’s mobile number. Watch the video to know more!
https://t.co/FWJbT4r37H",16,1,77.72049206833334,0.20586591224785986,0.012866619515491241
1409489255643025415,2021-06-28 12:30:00+05:30,"No more waiting in queues to pay your utility bills! With #iMobilePayByICICIBank, you can now pay bills on the go in just a few simple clicks. Download the app to get started: https://t.co/8oiFFXOgD6 https://t.co/1CpzYp8EW3",24,1,78.587158735,0.305393405059079,0.01272472521079496
1409404721006145537,2021-06-28 06:54:05+05:30,"You can now count on just one app for all your payment needs! With #ICICIBank #iMobilePay, users can conveniently send or receive money to/from all payment apps that use UPI.

Download today: https://t.co/8oiFFXOgD6 https://t.co/2ptkLtr5ak",16,2,84.18576984611111,0.19005587321049017,0.02375698415131127
1409157067689140224,2021-06-27 14:30:00+05:30,"#ICICIBank #InstaBIZ app allows business banking customers to transfer funds from their current account on the go. Watch this video to know more!  #WorldMSMEDay
https://t.co/GeSobe1PgM",13,1,100.587158735,0.12924114930265507,0.009941626869435005
1409143887243857922,2021-06-27 13:37:38+05:30,"This #WorldMSMEDay, take your business to new heights with #ICICIBankMerchantStack - a comprehensive set of digital banking solutions, available on one single platform for all your business banking needs. https://t.co/ORPlOWWYuI",15,1,101.45993651277779,0.14784160640698718,0.009856107093799145
1409132655870885890,2021-06-27 12:53:00+05:30,Raise a demand draft request digitally with the #ICICIBank #InstaBIZ app. Watch this step-by-step guide to experience this exciting feature. #WorldMSMEDay https://t.co/mw2zvF6y0f,23,1,102.20382540166668,0.2250405002905589,0.009784369577850387
1409111770275356673,2021-06-27 11:30:00+05:30,"#ICICIBank eases business banking for its customers with #InstaBIZ app – a platform that enables you to fulfill your business banking needs in a safe and convenient manner from the comfort of your home. Watch the video to know more! #WorldMSMEDay 
https://t.co/XfHi5o9do9",13,2,103.587158735,0.12549818103667673,0.019307412467181036
1409021171237101569,2021-06-27 05:30:00+05:30,"Retail merchants can now access swift digital banking services with #ICICIBankMerchantStack on a single platform and avail benefits like express credit, merchant overdraft and exclusive loyalty programme among others, to run their business smoothly. #WorldMSMEDay https://t.co/0vXrm9Nchm",9,1,109.587158735,0.08212641064783419,0.009125156738648244
1409006072644476931,2021-06-27 04:30:00+05:30,"From availing an instant overdraft or opening a current account to applying for a business loan and more, the #ICICIBank #InstaBIZ app is the one-stop solution for all your business banking needs. 

Know more: https://t.co/5FdB3iY9Ze 

#WorldMSMEDay https://t.co/r83cZsHzYG",13,1,110.587158735,0.11755433586237529,0.009042641220182715
1408824879625822210,2021-06-26 16:30:00+05:30,"Sharing is wonderful, but not always! Here’s how you can always stay alert and be on the lookout for suspicious and fraudulent activities. #StopThinkAct #iPledgeSafeBanking https://t.co/qtGVdaGeqP",30,3,122.587158735,0.24472383820275836,0.024472383820275837
1408794680767119368,2021-06-26 14:30:00+05:30,"With the #TrackDeliverables feature on #ICICIBank iMobile Pay and internet banking, you can now easily track the status of deliverables dispatched to you by the Bank from the comfort and safety of your home.

#BankFromHome #StaySafeBankSafe https://t.co/1tOge9jUbk",22,3,124.587158735,0.17658320667537292,0.0240795281830054
1408764479878451203,2021-06-26 12:30:00+05:30,"With #ICICIBankMerchantStack, retail merchants can get access to several digital banking services in one place to bank seamlessly and to continue serving their customers during these tough times. Read more. #BusinessWithCare 
https://t.co/KyuSkLxTOo",9,1,126.587158735,0.07109725891581763,0.007899695435090847
1408749382334402560,2021-06-26 11:30:00+05:30,"From blocking/unblocking card instantly, managing credit card limit, requesting statement and more, ICICI Bank credit card holders can now manage their card seamlessly using internet banking. Watch the video to know more! https://t.co/wgcptQQM0s",29,4,127.587158735,0.22729560159132733,0.031351117460872734
1408628585166827528,2021-06-26 03:30:00+05:30,"With the ‘Pay to Contact’ feature on #iMobilePay, you can transfer funds to anyone’s mobile number seamlessly. Simply select the recipient from your phone book and let the app do the rest. #iMobilePayForAll https://t.co/40MdfWg1HL",12,2,135.587158735,0.08850395651002281,0.014750659418337135
1408462492271927299,2021-06-25 16:30:00+05:30,Never share your personal banking details like your OTP or credit/debit card pin with anyone seeking them. Here’s how you can always stay alert and on the lookout for suspicious and fraudulent activities. #StopThinkAct #BankingSafetyTips #iPledgeSafeBanking https://t.co/fIO2iINl1A,12,1,146.587158735,0.08186255947353191,0.006821879956127659
1408450588484915201,2021-06-25 15:42:42+05:30,@KorbaDist @ICICIFoundation @ICICIBank_Care Thank you @KorbaDist. #ICICIBank and #ICICIFoundation stand hand in hand with the citizens and are committed to assist the authorities in these testing times.,1,0,147.37549206833333,0.006785388709924251,0.0
1408450544344080384,2021-06-25 15:42:32+05:30,Thank you @KorbaDist. #ICICIBank and #ICICIFoundation stand hand in hand with the citizens and are committed to assist the authorities in these testing times. https://t.co/DJLYbt3MkI,14,1,147.3782698461111,0.09499365146991119,0.0067852608192793705
1408435177580220434,2021-06-25 14:41:28+05:30,"@DMSundargarh @MoSarkar5T Thank you for your acknowledgment @DMSundargarh sir. #ICICIBank stands hand in hand with the citizens, especially during this challenging time, through initiatives that go beyond business.",1,0,148.39632437027777,0.006738711381454469,0.0
1408435131514187776,2021-06-25 14:41:17+05:30,"Thank you for your acknowledgment @DMSundargarh sir. #ICICIBank stands hand in hand with the citizens, especially during this challenging time, through initiatives that go beyond business. https://t.co/O2oSKKtlnC",17,3,148.39937992583333,0.11455573472406837,0.020215717892482655
1408432291723026437,2021-06-25 14:30:00+05:30,"You can use #ICICIBank iMobile Pay app, Internet Banking, ATM or InstaBIZ app to place a request for a new cheque book in a swift and seamless manner. 

More here: https://t.co/slZhWfGhXo  

#StaySafeBankSafe #BankFromHome https://t.co/vM2mADEHmE",11,2,148.5874354813889,0.07403048558152005,0.0134600882875491
1408415778282434560,2021-06-25 13:24:23+05:30,"Whether you want to purchase your favourite gadget or pay your insurance premium, ‘EMI @ Internet Banking’ allows you to choose EMI as an option during transactions. Experience the convenience with #ICICIBank now.

Know more here: https://t.co/k4HjiUVaiv https://t.co/6unUKF1ryf",1553,91,149.6810465925,10.375395117512596,0.6079594048252713
1408412560831905794,2021-06-25 13:11:36+05:30,"#ICICIBank extends its ‘Cardless EMI’ facility for online purchases made on e-commerce platforms. This hassle-free experience will enhance the affordability of millions of the Bank’s pre-approved customers.

Know more: https://t.co/q43kL7PIOr

#CardlessEMIForOnlineShopping https://t.co/r9pKHYcHjB",1300,105,149.89410214805554,8.672789531878616,0.7004945391132728
1408402094902681603,2021-06-25 12:30:00+05:30,"#ICICIBankMerchantStack offers merchants a comprehensive set of digital banking solutions on one single platform to help them bank seamlessly and continue serving their customers uninterruptedly. Read more here.
https://t.co/ckP1j5Q0mq",10,1,150.5874354813889,0.06640660270249374,0.006640660270249374
1408386992879009795,2021-06-25 11:30:00+05:30,"Manage all your mutual fund investments at your fingertips! Watch the video to know how to buy and manage mutual funds seamlessly on #iMobilePayByICICIBank.
https://t.co/XcFE8SXk4C https://t.co/y3dvjpw8TJ",14,1,151.5874354813889,0.09235593936622041,0.006596852811872886
1408355522181439488,2021-06-25 09:24:57+05:30,"Pockets by #ICICIBank is a one-of-a-kind initiative that allows users to make UPI transactions like money transfer, payment at merchant site, scan to pay, &amp; more using their ‘Pockets’ wallet balance.

Download: https://t.co/VavFKfvSLU

#UPIOnICICIPockets https://t.co/3JRZySO5WJ",728,50,153.67160214805554,4.737374959484091,0.32536915930522603
1408314326469910533,2021-06-25 06:41:15+05:30,"Sit back and relax, the #BankComesHome to make sure your business keeps moving ahead!  #ICICIBank #InstaBIZ is a hassle-free and convenient platform that will help address all your business banking needs in one place. Download here: https://t.co/ivrdUQZClw https://t.co/TVziaRnC9E",2977,209,156.3999354813889,19.034534706405005,1.336317686811772
1408266196558835715,2021-06-25 03:30:00+05:30,"No UPI or account details available? No problem! With #ICICIBank #iMobilePay, you can enjoy hassle-free payments simply by using the beneficiary’s mobile number. 

Download the app: https://t.co/8oiFFXOgD6  

#iMobilePayForAll https://t.co/Wj2tzALXvM",17,2,159.5874354813889,0.1065246768877525,0.012532314927970882
1408100105350225923,2021-06-24 16:30:01+05:30,"Be careful of fraudsters trying to convince you to share your UPI PIN over the phone. Stay safe, practice #SafeBanking. Know more: https://t.co/sY8HeLZLhN
#KnowTheDifference #iPledgeSafeBanking https://t.co/yoj1Wj5AmT",16,1,170.5871577036111,0.09379369593459908,0.005862105995912442
1408069905908310020,2021-06-24 14:30:00+05:30,"Access your ICICI Bank account from your mobile phone using iMobile Pay and get a host of services like money transfer, bill payments, online recharges and more at  your fingertips. Watch the video to know more. 
https://t.co/G2Syis8R8s",20,1,172.5874354813889,0.11588329094881718,0.005794164547440858
1408039705338286084,2021-06-24 12:30:00+05:30,"Get access to credit from the safety of your home! With #ICICIBankInstaFlexiCash, salaried account customers can get an instant approval for overdraft facility against their salary in a fully digital and safe manner. Read more.
https://t.co/4IqiIXIPDF",11,1,174.5874354813889,0.0630056794732666,0.005727789043024236
1408024606800105477,2021-06-24 11:30:00+05:30,"‘#ICICIStackForCorporates’ is the Bank’s all-new initiative that offers a comprehensive set of 360-degree digital banking solutions to the entire corporate ecosystem, including employees, dealers, vendors and all other stakeholders. Read more here.
https://t.co/79fM0ExYFv",13,1,175.5874354813889,0.074037188164172,0.005695168320320923
1407998150988623874,2021-06-24 09:44:53+05:30,"Save Tax Deducted at Source (TDS) on term-deposit interest by submitting your Form 15G/15H conveniently from the comfort and safety of your home through #ICICIBank internet banking or #iMobilePay. 

Download app: https://t.co/8oiFFXOgD6
      
Know more: https://t.co/3vUfLZDpJo https://t.co/oNUF8qrPgj",742,18,177.33937992583333,4.1840678607893995,0.10150029850971588
1407969669915439108,2021-06-24 07:51:42+05:30,Ease your bulk payments with the #ICICIBank #InstaBIZ app and transfer funds to multiple people with a single upload. Know more: https://t.co/ivrdUQZClw #BankComesHome https://t.co/dIzGbi8yrG,2860,139,179.22576881472222,15.957526749161696,0.7755581182284881
1407965554833379328,2021-06-24 07:35:21+05:30,@PSTamangGolay @ICICIFoundation Thank you for your kind words of appreciation @PSTamangGolay Sir. We at #ICICIBank and #ICICIFoundation stand hand in hand with the citizens and are committed to assist the authorities who are at the forefront of safeguarding the citizens against the pandemic.,1,0,179.49826881472222,0.005571084370915009,0.0
1407965531525685249,2021-06-24 07:35:16+05:30,Thank you for your kind words of appreciation @PSTamangGolay Sir. We at #ICICIBank and #ICICIFoundation stand hand in hand with the citizens and are committed to assist the authorities who are at the forefront of safeguarding the citizens against the pandemic. https://t.co/a4l08pfUX0,23,2,179.49965770361112,0.12813394907959924,0.011142082528660804
1407737717388050433,2021-06-23 16:30:00+05:30,"Private confidential information, such as your CVV, passwords, OTP, PIN and card number should never be shared with anyone over call or SMS. Practice #SafeBanking.

Know more: https://t.co/h7Aw52F3mY

#KnowTheDifference #iPledgeSafeBanking https://t.co/95LSyMBcG2",24,3,194.5874354813889,0.12333787091970518,0.015417233864963147
1407707516495093770,2021-06-23 14:30:00+05:30,"#ICICIBank makes raising a demand draft request simple for its users with #InstaBIZ app. Watch this step-by-step guide to get started.
https://t.co/Yy2Dm3Ax9N",18,1,196.5874354813889,0.09156231147694115,0.005086795082052286
1407662219924365322,2021-06-23 11:30:00+05:30,"With ‘#ICICIStackForCorporates’, the Bank offers a comprehensive set of 360-degree digital banking solutions to the entire corporate ecosystem, including vendors, dealers, employees and all other stakeholders across 15 leading industries. Read more here.
https://t.co/qpiHjjDyXu",17,3,199.58772106027777,0.08517558049007336,0.015030984792365887
1407662216850063366,2021-06-23 11:30:00+05:30,"With ‘#ICICIStackForCorporates’, the Bank offers a comprehensive set of 360-degree digital banking solutions to the entire corporate ecosystem, including vendors, dealers, employees and all other stakeholders across 15 leading industries. Read more here.
https://t.co/qpiHjjVam4",8,1,199.58772106027777,0.0400826261129757,0.005010328264121963
1407602453386731520,2021-06-23 07:32:31+05:30,@PRDJSR @DCEastSinghbhum @JharkhandCMO @jnacjsr Thank you for your kind words @PRDJSR. #ICICIBank is committed to assist the authorities who have been at the forefront of safeguarding citizens against the pandemic.,3,1,203.54577661583332,0.014738699322964175,0.004912899774321392
1407602416166477830,2021-06-23 07:32:22+05:30,Thank you for your kind words @PRDJSR. #ICICIBank is committed to assist the authorities who have been at the forefront of safeguarding citizens against the pandemic. https://t.co/nOhGopjXZO,27,4,203.54827661583332,0.1326466647072548,0.019651357734408122
1407601515095752705,2021-06-23 07:28:47+05:30,@DC_Ranchi @ICICIFoundation @MoHFW_INDIA @HemantSorenJMM @JharkhandCMO @BannaGupta76 @DDC_Ranchi @prdjharkhand Thank you for your kind words @DC_Ranchi. #ICICIBank &amp; #ICICIFoundation stand in solidarity with the citizens and are committed to assist the authorities during this challenging time.,2,1,203.60799883805555,0.00982279680274618,0.00491139840137309
1407601457696624642,2021-06-23 07:28:34+05:30,Thank you for your kind words @DC_Ranchi. #ICICIBank &amp; #ICICIFoundation stand in solidarity with the citizens and are committed to assist the authorities during this challenging time. https://t.co/QTWP6zjKZ3,25,2,203.61160994916665,0.12278278240735614,0.009822622592588492
1407541421276549124,2021-06-23 03:30:00+05:30,"Say goodbye to multiple payment apps! #iMobilePayByICICIBank is the one-stop solution for all your payment needs. Watch the video to know more. 

Download: https://t.co/8oiFFXwFLy  

#StaySafeBankSafe #BankFromHome https://t.co/Haxw0dkZ5T",20,1,207.58772106027777,0.09634481219721348,0.0048172406098606745
1407375327131705345,2021-06-22 16:30:00+05:30,"It’s never too late to start practicing #SafeBanking! Keep these simple steps in mind and fraudsters at bay. Know more: https://t.co/xP2tObNJev

#KnowTheDifference #iPledgeSafeBanking https://t.co/Z4OJfUJVfZ",20,2,218.58772106027777,0.09149644775556628,0.009149644775556628
1407325126048186369,2021-06-22 13:10:31+05:30,@BSF_India @ICICIFoundation @PIBHomeAffairs @moayush @MoHFW_INDIA @mygovindia Thank you @BSF_India. We are committed to assist the security forces of the country.,8,4,221.9124432825,0.03605025424291239,0.018025127121456194
1407325092141355008,2021-06-22 13:10:23+05:30,Thank you @BSF_India. We are committed to assist the security forces of the country. https://t.co/yTMWVjFMzo,23,1,221.9146657813889,0.10364344293791564,0.004506236649474593
1407314929804251143,2021-06-22 12:30:00+05:30,"#StaySafeBankSafe and check your UPI ID linked account balance from the comfort and safety of your home in a few simple steps. Watch the video to get started! #BankFromHome
https://t.co/esvDyG86hk",15,1,222.58772133694444,0.0673891619443536,0.00449261079629024
1407299829466685443,2021-06-22 11:30:00+05:30,"Say hello to #ICICIBank’s all-new initiative for the entire corporate ecosystem – ‘#ICICIStackForCorporates’. This platform offers a comprehensive set of 360-degree digital banking solutions across 15 leading industries. Read more here.
https://t.co/qpiHjjDyXu",14,2,223.58772133694444,0.06261524522136948,0.00894503503162421
1407206763779162114,2021-06-22 05:20:11+05:30,#ICICIBankInstaEduLoan is the answer to financing your education dreams. This facility enables pre-approved customers to get an education loan of up to ₹1 crore against their fixed deposit along with the sanction letter instantly. Know more: https://t.co/iloQnquGX1 https://t.co/lgGrDU5Lse,666,27,229.75133244805556,2.8987862351160723,0.117518360883084
1407201118782857236,2021-06-22 04:57:45+05:30,"Count on your #BFHBuddies to help you bank smoothly from the comfort and safety of your home at all times.

✅iMobile Pay: https://t.co/8oiFFXOgD6
✅InstaBIZ App: https://t.co/ivrdUQZClw
✅Internet Banking: https://t.co/PwNRGaNWAY

#BankFromHome #StaySafeBankSafe https://t.co/lOQXBJinK8",740,43,230.12522133694443,3.2156405790763274,0.1868547904057866
1407179034988101633,2021-06-22 03:30:00+05:30,You can now avail paperless and instant liquidity against your mutual funds through #ICICIBank ‘Insta Loan Against Mutual Funds’ facility in just a few simple clicks. Know more here: https://t.co/XjsPwoE6Ky https://t.co/YZMkECC1SQ,18,1,231.58772133694444,0.07772432793969772,0.004318018218872096
1406971666710863873,2021-06-21 13:46:00+05:30,"Millions of pre-approved customers of #ICICIBank can now shop online from their favourite website/app using their mobile number and PAN with the newly launched instant ‘Cardless EMI’ facility. Read more. #CardlessEMIForOnlineShopping
https://t.co/4ykgp1btSv",17,1,245.3210546702778,0.06929694649669896,0.0040762909703940566
1406944995655880705,2021-06-21 12:00:01+05:30,"Now, millions of pre-approved customers of #ICICIBank can purchase from their favourite website/app using the newly launched instant 'Cardless EMI' facility, using their mobile number and PAN. More here. #CardlessEMIForOnlineShopping
https://t.co/3oDYPI2fQU",16,2,247.08744355916667,0.06475440341900134,0.008094300427375167
1406937443543093263,2021-06-21 11:30:00+05:30,"#ICICIBank's newly launched instant 'Cardless EMI' facility will enable millions of pre-approved customers to avail of an EMI from their favourite website/app across multiple categories, using their mobile number &amp; PAN. #CardlessEMIForOnlineShopping
https://t.co/CKgDCYA566",16,1,247.58772133694444,0.06462356014103564,0.004038972508814727
1406928823141101569,2021-06-21 10:55:45+05:30,"From helping you transfer funds in a jiffy, to paying bills on-the-go, #iMobilePayByICICIBank is a one-of-a-kind facility that gives you the flexibility of banking with ease. #InternationalYogaDay #InternationalDayOfYoga https://t.co/4J3Tmop5Vl",382,18,248.15855467027777,1.5393384302530053,0.07253427158260235
1406923600012054534,2021-06-21 10:35:00+05:30,"#ICICIBank extends its ‘Cardless EMI’ facility for online purchases made on e-commerce platforms. It will enable customers to instantly buy products or services online through EMIs in just a few clicks. Learn more here. #CardlessEMIForOnlineShopping
https://t.co/ulR6xLJy7D",13,0,248.5043880036111,0.05231295955953539,0.0
1406899754617901056,2021-06-21 09:00:15+05:30,"Shopping online from your favorite website/app just got easier! Easily avail of an EMI with the #ICICIBank instant 'Cardless EMI' facility using your registered mobile number, PAN &amp; OTP.

Want to know how it works? Visit: https://t.co/q43kL7PIOr

#CardlessEMIForOnlineShopping https://t.co/BF1jzqH0sl",2350,134,250.08384362166666,9.396848536745704,0.5358202995420955
1406898106084384775,2021-06-21 08:53:42+05:30,"Presenting a new &amp; convenient way to shop online with instant 'Cardless EMI' facility. All you need is your

✅ Registered mobile number
✅ PAN
✅ OTP 

at the checkout section of the e-commerce website or app. More here: https://t.co/q43kL7PIOr

#CardlessEMIForOnlineShopping https://t.co/Ly5Ynxw7q6",2562,157,250.19301028833334,10.240094225843638,0.6275155321847975
1406894060346896388,2021-06-21 08:37:37+05:30,#JustIn: #ICICIBank introduces instant ‘Cardless EMI’ facility for online purchases made on e-commerce platforms. It will offer a hassle-free experience &amp; enhance the affordability of millions of the Bank's pre-approved customers. #CardlessEMIForOnlineShopping https://t.co/5WAf5FeJT0,3102,228,250.4610658438889,12.385158505767363,0.9103211280834812
1406650553099161612,2021-06-20 16:30:00+05:30,"Be cautious and do not share your bank details with anybody. Stay safe, stay secure with ICICI Bank. #iPledgeSafeBanking. 

More information on: https://t.co/AI9mfDyiRi https://t.co/E6CGKeyc2g",29,1,266.58801028833335,0.1087820865185741,0.003751106431674969
1406620352940216325,2021-06-20 14:30:00+05:30,"Get your financial health report with #ICICIBank #MoneyCoach! It analyses your financial transactions, monitors your income and expenses, keeps an eye on your credit card usage and evaluates your capability to repay loans. Know more: https://t.co/ftwx1HyU7k https://t.co/DFDWEFndEB",19,1,268.58801028833335,0.07074031331332777,0.0037231743849119874
1406590154458943491,2021-06-20 12:30:00+05:30,Always use a 'SECURED' Wi-Fi connection for using digital channels of banking or for making online transactions. Practice #SafeBanking! https://t.co/KVSGPy0mn0,21,0,270.58801028833335,0.07760876018720418,0.0
1406575054121586692,2021-06-20 11:30:00+05:30,ICICI Bank #iMobilePay app offers a fast and convenient way to complete UPI transactions seamlessly. Here’s a step-by-step guide to help you make UPI transactions using the ‘Scan to Pay’ option on the app. #BankFromHome #staysafebanksafe https://t.co/ZhFY2F5XtK,16,1,271.58801028833335,0.05891276269159852,0.0036820476682249076
1406490247303598082,2021-06-20 05:53:00+05:30,"This #FathersDay, #SurpriseYourDad by taking charge of your own banking journey seamlessly with ICICI Bank's digital banking platforms - iMobile Pay and internet banking. #HappyFathersDay https://t.co/lu4pFepoo6",2894,273,277.204676955,10.439939296081203,0.9848318686351654
1406461806848221186,2021-06-20 04:00:00+05:30,"Use the #TrackDeliverables feature on #ICICIBank #iMobilePay or internet banking to track your bank deliverables such as cards, cheque book, statements, etc. 

Know more here: https://t.co/hs4z6iOQ8u 

#BankFromHome #StaySafeBankSafe https://t.co/LuYF0RO2cI",17,2,279.08801028833335,0.060912684792287716,0.007166198210857379
1406454259114147846,2021-06-20 03:30:00+05:30,"Avail offers on online doctor consultations and full body checkup at home with Mfine by transacting using your #ICICIBank debit/credit card or internet banking.

Learn more here: https://t.co/2AAA0M7JnU https://t.co/viLRx3bP7f",14,1,279.58801028833335,0.05007367800057695,0.003576691285755497
1406288162679267329,2021-06-19 16:30:00+05:30,Never follow a URL you are unsure of. Practice #SafeBanking at all times with #ICICIBank #iPledgeSafeBanking. More on: https://t.co/SghQHRZVJ8 https://t.co/YJmuWa37rO,24,1,290.58801028833335,0.08259115706868365,0.0034412982111951523
1406257966198579203,2021-06-19 14:30:00+05:30,"Never install apps from ‘untrusted sources’ on your smartphone, and shut the door on unwanted threats and issues. Stay safe and practice #SafeBanking https://t.co/yUU4d5MCNE",52,3,292.58801028833335,0.17772430233472708,0.010253325134695793
1406227767100731392,2021-06-19 12:30:00+05:30,"‘#ICICIStackForCorporates’ is the Bank’s all-new initiative that offers a comprehensive set of 360-degree digital banking solutions to the entire corporate ecosystem, including employees, dealers, vendors and all other stakeholders. Read more here.
https://t.co/79fM0ExYFv",15,2,294.58801028833335,0.050918569242918196,0.006789142565722426
1406212667153391622,2021-06-19 11:30:00+05:30,"No more stressing over hefty school/college fees! #ICICIBank internet banking can help you convert that fee into quick, easy and instant EMIs. Know more about ‘EMI @ Internet Banking’ in this video. #StaySafeBankSafe #BankFromHome
https://t.co/GUPivlrN66",11,0,295.58801028833335,0.037213958676030105,0.0
1406175138618298370,2021-06-19 09:00:53+05:30,"Actor Karan Tacker shares the lessons he learnt from his father Kuku as he grew up. Today, it's Karan's turn to teach his dad how to pay directly to contacts. This Father's Day, help your dad link any of his bank accounts to iMobile Pay. #HappyFathersDay https://t.co/4R5kba4fE7",3543,232,298.07328806611116,11.886338500799107,0.7783320723074776
1406170948907065344,2021-06-19 08:44:14+05:30,Payments to contacts now happen at the click of a button with iMobile Pay. Niharika Konidela teaches her father Nagababu Konidela the new way to pay with iMobile Pay. #HappyFathersDay https://t.co/VSpCn43Urh,5558,317,298.35078806611114,18.6290776572992,1.0625076677516816
1406165023752294406,2021-06-19 08:20:41+05:30,"Shriya Pilgaonkar shares the lessons she learnt growing up, and teaches her father Sachin Pilgaonkar a new way to make payments. Watch till the end to know more. #HappyFathersDay #iMobilePay https://t.co/MUry1idE7p",4544,230,298.7432880661111,15.21038356849853,0.7698917739336845
1406122068224086020,2021-06-19 05:30:00+05:30,"To make your banking journey smooth and seamless, #ICICIBank has got you covered with iPlay, where you can watch demos on how to use each of its services with ease. Know more: https://t.co/soPzCGT05O https://t.co/xYqGETWwz9",19,0,301.5880105655556,0.06299985189852236,0.0
